{
  "accuracy": 1.0,
  "brier_score": 0.22376008333333333,
  "calibration_bins": [
    {
      "bin": 2.0,
      "count": 3.0,
      "obs_rate": 0.0,
      "pred_mean": 0.4728333333333334
    }
  ],
  "decision_utility": 0.5,
  "log_loss": 0.6405819219031818,
  "n": 3,
  "threshold": 0.55
}